"text","favorited","favoriteCount","replyToSN","created","truncated","replyToSID","id","replyToUID","statusSource","screenName","retweetCount","isRetweet","retweeted","longitude","latitude"
"RT @Quicktake: LATEST: GoJek co-founder Nadiem Makarim resigns to join Indonesia‚Äôs President #Jokowi's cabinet.

Here's what he previously‚Ä¶",FALSE,0,NA,2021-11-23 07:07:04,FALSE,NA,"1463041390984663040",NA,"<a href=""http://twitter.com/download/iphone"" rel=""nofollow"">Twitter for iPhone</a>","dalgondang",3307,TRUE,FALSE,NA,NA
"RT @Quicktake: LATEST: GoJek co-founder Nadiem Makarim resigns to join Indonesia‚Äôs President #Jokowi's cabinet.

Here's what he previously‚Ä¶",FALSE,0,NA,2021-11-23 05:56:42,FALSE,NA,"1463023682796724227",NA,"<a href=""http://twitter.com/download/android"" rel=""nofollow"">Twitter for Android</a>","mynameismelti",3307,TRUE,FALSE,NA,NA
"RT @Quicktake: LATEST: GoJek co-founder Nadiem Makarim resigns to join Indonesia‚Äôs President #Jokowi's cabinet.

Here's what he previously‚Ä¶",FALSE,0,NA,2021-11-23 05:44:55,FALSE,NA,"1463020719218958342",NA,"<a href=""http://twitter.com/download/android"" rel=""nofollow"">Twitter for Android</a>","blablathinker",3307,TRUE,FALSE,NA,NA
"RT @Quicktake: LATEST: GoJek co-founder Nadiem Makarim resigns to join Indonesia‚Äôs President #Jokowi's cabinet.

Here's what he previously‚Ä¶",FALSE,0,NA,2021-11-23 04:41:40,FALSE,NA,"1463004799784284160",NA,"<a href=""http://twitter.com/download/iphone"" rel=""nofollow"">Twitter for iPhone</a>","checyaletta",3307,TRUE,FALSE,NA,NA
"PRESIDENT Joko Widodo will officially unveilled the irrigation project Karallloe Dam in Gowa District, South Sulawe‚Ä¶ https://t.co/a5NiLiayag",FALSE,0,NA,2021-11-23 04:20:55,TRUE,NA,"1462999578085507077",NA,"<a href=""http://twitter.com/download/android"" rel=""nofollow"">Twitter for Android</a>","IwanKamah",0,FALSE,FALSE,NA,NA
"INDONESIA'S President Joko Widodo flied for one-day working visit in South Sulawesi province on Tuesday on Nov 23,‚Ä¶ https://t.co/Ptf5AnMl5I",FALSE,0,NA,2021-11-23 04:17:16,TRUE,NA,"1462998660304699402",NA,"<a href=""http://twitter.com/download/android"" rel=""nofollow"">Twitter for Android</a>","IwanKamah",0,FALSE,FALSE,NA,NA
"RT @Quicktake: LATEST: GoJek co-founder Nadiem Makarim resigns to join Indonesia‚Äôs President #Jokowi's cabinet.

Here's what he previously‚Ä¶",FALSE,0,NA,2021-11-23 02:20:17,FALSE,NA,"1462969220489121794",NA,"<a href=""http://twitter.com/download/android"" rel=""nofollow"">Twitter for Android</a>","aveechena",3307,TRUE,FALSE,NA,NA
"RT @Quicktake: LATEST: GoJek co-founder Nadiem Makarim resigns to join Indonesia‚Äôs President #Jokowi's cabinet.

Here's what he previously‚Ä¶",FALSE,0,NA,2021-11-23 02:14:39,FALSE,NA,"1462967802344591368",NA,"<a href=""http://twitter.com/download/android"" rel=""nofollow"">Twitter for Android</a>","najaesmileymin",3307,TRUE,FALSE,NA,NA
"RT @Quicktake: LATEST: GoJek co-founder Nadiem Makarim resigns to join Indonesia‚Äôs President #Jokowi's cabinet.

Here's what he previously‚Ä¶",FALSE,0,NA,2021-11-23 01:29:43,FALSE,NA,"1462956493511168003",NA,"<a href=""http://twitter.com/download/android"" rel=""nofollow"">Twitter for Android</a>","ezararvi",3307,TRUE,FALSE,NA,NA
"RT @Quicktake: LATEST: GoJek co-founder Nadiem Makarim resigns to join Indonesia‚Äôs President #Jokowi's cabinet.

Here's what he previously‚Ä¶",FALSE,0,NA,2021-11-23 01:03:44,FALSE,NA,"1462949957971759107",NA,"<a href=""http://twitter.com/download/android"" rel=""nofollow"">Twitter for Android</a>","Mhalalalalala",3307,TRUE,FALSE,NA,NA
"RT @Quicktake: LATEST: GoJek co-founder Nadiem Makarim resigns to join Indonesia‚Äôs President #Jokowi's cabinet.

Here's what he previously‚Ä¶",FALSE,0,NA,2021-11-23 00:31:28,FALSE,NA,"1462941836125769734",NA,"<a href=""https://mobile.twitter.com"" rel=""nofollow"">Twitter Web App</a>","bizzlebubbb",3307,TRUE,FALSE,NA,NA
"RT @Quicktake: LATEST: GoJek co-founder Nadiem Makarim resigns to join Indonesia‚Äôs President #Jokowi's cabinet.

Here's what he previously‚Ä¶",FALSE,0,NA,2021-11-23 00:22:54,FALSE,NA,"1462939680890970113",NA,"<a href=""http://twitter.com/download/android"" rel=""nofollow"">Twitter for Android</a>","yahaechanlah",3307,TRUE,FALSE,NA,NA
"RT @Quicktake: LATEST: GoJek co-founder Nadiem Makarim resigns to join Indonesia‚Äôs President #Jokowi's cabinet.

Here's what he previously‚Ä¶",FALSE,0,NA,2021-11-23 00:15:28,FALSE,NA,"1462937809803616258",NA,"<a href=""http://twitter.com/download/android"" rel=""nofollow"">Twitter for Android</a>","HuangArjun",3307,TRUE,FALSE,NA,NA
"RT @Quicktake: LATEST: GoJek co-founder Nadiem Makarim resigns to join Indonesia‚Äôs President #Jokowi's cabinet.

Here's what he previously‚Ä¶",FALSE,0,NA,2021-11-23 00:14:37,FALSE,NA,"1462937595944456194",NA,"<a href=""http://twitter.com/download/iphone"" rel=""nofollow"">Twitter for iPhone</a>","7isasdottir",3307,TRUE,FALSE,NA,NA
"RT @Quicktake: LATEST: GoJek co-founder Nadiem Makarim resigns to join Indonesia‚Äôs President #Jokowi's cabinet.

Here's what he previously‚Ä¶",FALSE,0,NA,2021-11-22 23:39:24,FALSE,NA,"1462928731987611648",NA,"<a href=""http://twitter.com/download/android"" rel=""nofollow"">Twitter for Android</a>","day_asix",3307,TRUE,FALSE,NA,NA
"RT @Quicktake: LATEST: GoJek co-founder Nadiem Makarim resigns to join Indonesia‚Äôs President #Jokowi's cabinet.

Here's what he previously‚Ä¶",FALSE,0,NA,2021-11-22 22:39:21,FALSE,NA,"1462913620698755082",NA,"<a href=""http://twitter.com/download/android"" rel=""nofollow"">Twitter for Android</a>","GladysNababan",3307,TRUE,FALSE,NA,NA
"RT @Quicktake: LATEST: GoJek co-founder Nadiem Makarim resigns to join Indonesia‚Äôs President #Jokowi's cabinet.

Here's what he previously‚Ä¶",FALSE,0,NA,2021-11-22 22:34:36,FALSE,NA,"1462912424785309696",NA,"<a href=""http://twitter.com/download/iphone"" rel=""nofollow"">Twitter for iPhone</a>","nomikaid",3307,TRUE,FALSE,NA,NA
"RT @Quicktake: LATEST: GoJek co-founder Nadiem Makarim resigns to join Indonesia‚Äôs President #Jokowi's cabinet.

Here's what he previously‚Ä¶",FALSE,0,NA,2021-11-22 22:06:19,FALSE,NA,"1462905308737511425",NA,"<a href=""http://twitter.com/download/android"" rel=""nofollow"">Twitter for Android</a>","hafizhtaqi_",3307,TRUE,FALSE,NA,NA
"RT @Quicktake: LATEST: GoJek co-founder Nadiem Makarim resigns to join Indonesia‚Äôs President #Jokowi's cabinet.

Here's what he previously‚Ä¶",FALSE,0,NA,2021-11-22 22:00:49,FALSE,NA,"1462903923367284736",NA,"<a href=""http://twitter.com/download/iphone"" rel=""nofollow"">Twitter for iPhone</a>","HariRiyant",3307,TRUE,FALSE,NA,NA
"RT @Quicktake: LATEST: GoJek co-founder Nadiem Makarim resigns to join Indonesia‚Äôs President #Jokowi's cabinet.

Here's what he previously‚Ä¶",FALSE,0,NA,2021-11-22 19:17:11,FALSE,NA,"1462862745821491201",NA,"<a href=""http://twitter.com/download/android"" rel=""nofollow"">Twitter for Android</a>","abbas_alharik",3307,TRUE,FALSE,NA,NA
"RT @Quicktake: LATEST: GoJek co-founder Nadiem Makarim resigns to join Indonesia‚Äôs President #Jokowi's cabinet.

Here's what he previously‚Ä¶",FALSE,0,NA,2021-11-22 19:01:21,FALSE,NA,"1462858757680279552",NA,"<a href=""http://twitter.com/download/android"" rel=""nofollow"">Twitter for Android</a>","nisakhairundd",3307,TRUE,FALSE,NA,NA
"RT @Quicktake: LATEST: GoJek co-founder Nadiem Makarim resigns to join Indonesia‚Äôs President #Jokowi's cabinet.

Here's what he previously‚Ä¶",FALSE,0,NA,2021-11-22 18:54:08,FALSE,NA,"1462856944704655361",NA,"<a href=""http://twitter.com/download/iphone"" rel=""nofollow"">Twitter for iPhone</a>","iserotoninka",3307,TRUE,FALSE,NA,NA
"RT @Quicktake: LATEST: GoJek co-founder Nadiem Makarim resigns to join Indonesia‚Äôs President #Jokowi's cabinet.

Here's what he previously‚Ä¶",FALSE,0,NA,2021-11-22 18:47:54,FALSE,NA,"1462855372973088768",NA,"<a href=""http://twitter.com/download/android"" rel=""nofollow"">Twitter for Android</a>","HwaShawna",3307,TRUE,FALSE,NA,NA
"RT @Quicktake: LATEST: GoJek co-founder Nadiem Makarim resigns to join Indonesia‚Äôs President #Jokowi's cabinet.

Here's what he previously‚Ä¶",FALSE,0,NA,2021-11-22 18:36:47,FALSE,NA,"1462852576873828355",NA,"<a href=""http://twitter.com/download/android"" rel=""nofollow"">Twitter for Android</a>","serenecalmsea",3307,TRUE,FALSE,NA,NA
"RT @Quicktake: LATEST: GoJek co-founder Nadiem Makarim resigns to join Indonesia‚Äôs President #Jokowi's cabinet.

Here's what he previously‚Ä¶",FALSE,0,NA,2021-11-22 18:06:59,FALSE,NA,"1462845079110885381",NA,"<a href=""http://twitter.com/download/android"" rel=""nofollow"">Twitter for Android</a>","riditubihappy",3307,TRUE,FALSE,NA,NA
"RT @Quicktake: LATEST: GoJek co-founder Nadiem Makarim resigns to join Indonesia‚Äôs President #Jokowi's cabinet.

Here's what he previously‚Ä¶",FALSE,0,NA,2021-11-22 17:39:43,FALSE,NA,"1462838217166577671",NA,"<a href=""http://twitter.com/download/android"" rel=""nofollow"">Twitter for Android</a>","biarlakhi",3307,TRUE,FALSE,NA,NA
"RT @Quicktake: LATEST: GoJek co-founder Nadiem Makarim resigns to join Indonesia‚Äôs President #Jokowi's cabinet.

Here's what he previously‚Ä¶",FALSE,0,NA,2021-11-22 17:36:18,FALSE,NA,"1462837353823629319",NA,"<a href=""http://twitter.com/download/android"" rel=""nofollow"">Twitter for Android</a>","akuIelah",3307,TRUE,FALSE,NA,NA
"RT @Quicktake: LATEST: GoJek co-founder Nadiem Makarim resigns to join Indonesia‚Äôs President #Jokowi's cabinet.

Here's what he previously‚Ä¶",FALSE,0,NA,2021-11-22 16:58:31,FALSE,NA,"1462827847790182408",NA,"<a href=""http://twitter.com/download/android"" rel=""nofollow"">Twitter for Android</a>","pratama42452",3307,TRUE,FALSE,NA,NA
"RT @Quicktake: LATEST: GoJek co-founder Nadiem Makarim resigns to join Indonesia‚Äôs President #Jokowi's cabinet.

Here's what he previously‚Ä¶",FALSE,0,NA,2021-11-22 16:21:34,FALSE,NA,"1462818549697630215",NA,"<a href=""http://twitter.com/download/android"" rel=""nofollow"">Twitter for Android</a>","piperbackk",3307,TRUE,FALSE,NA,NA
"RT @Quicktake: LATEST: GoJek co-founder Nadiem Makarim resigns to join Indonesia‚Äôs President #Jokowi's cabinet.

Here's what he previously‚Ä¶",FALSE,0,NA,2021-11-22 16:05:05,FALSE,NA,"1462814400704749569",NA,"<a href=""http://twitter.com/download/android"" rel=""nofollow"">Twitter for Android</a>","efun1999",3307,TRUE,FALSE,NA,NA
"RT @IwanKamah: PRESIDENT Joko Widodo acknowledged the fact that partnership between #ASEANChina dating back 30 years had yielded several co‚Ä¶",FALSE,0,NA,2021-11-22 14:45:06,FALSE,NA,"1462794272415961095",NA,"<a href=""http://twitter.com/download/android"" rel=""nofollow"">Twitter for Android</a>","gonkcil",1,TRUE,FALSE,NA,NA
"RT @Quicktake: LATEST: GoJek co-founder Nadiem Makarim resigns to join Indonesia‚Äôs President #Jokowi's cabinet.

Here's what he previously‚Ä¶",FALSE,0,NA,2021-11-22 14:41:27,FALSE,NA,"1462793353364316160",NA,"<a href=""http://twitter.com/download/android"" rel=""nofollow"">Twitter for Android</a>","kurvaengel",3307,TRUE,FALSE,NA,NA
"RT @IwanKamah: PRESIDENT Joko Widodo of Indonesia called to empower the #ASEANChina partnership in order to transform the region into econo‚Ä¶",FALSE,0,NA,2021-11-22 14:22:15,FALSE,NA,"1462788522251743237",NA,"<a href=""http://twitter.com/download/android"" rel=""nofollow"">Twitter for Android</a>","gonkcil",1,TRUE,FALSE,NA,NA
"PRESIDENT Joko Widodo of Indonesia called to empower the #ASEANChina partnership in order to transform the region i‚Ä¶ https://t.co/P0rLNVozaz",FALSE,1,NA,2021-11-22 14:07:22,TRUE,NA,"1462784776146849794",NA,"<a href=""https://mobile.twitter.com"" rel=""nofollow"">Twitter Web App</a>","IwanKamah",1,FALSE,FALSE,NA,NA
"INDONESIAN President Joko Widodo emphasized that strong relationship between the ASEAN and China requires hard work‚Ä¶ https://t.co/Qw4D4uLgsn",FALSE,2,NA,2021-11-22 14:04:41,TRUE,NA,"1462784101279166467",NA,"<a href=""https://mobile.twitter.com"" rel=""nofollow"">Twitter Web App</a>","IwanKamah",0,FALSE,FALSE,NA,NA
"""OUR trade in 1991 was worth USD 8.36 billion, while last year, it reached more than USD 685.28 billion, an 82-fold‚Ä¶ https://t.co/XpDh8HaAJe",FALSE,2,NA,2021-11-22 13:57:01,TRUE,NA,"1462782171513376773",NA,"<a href=""https://mobile.twitter.com"" rel=""nofollow"">Twitter Web App</a>","IwanKamah",0,FALSE,FALSE,NA,NA
"PRESIDENT Joko Widodo acknowledged the fact that partnership between #ASEANChina dating back 30 years had yielded s‚Ä¶ https://t.co/q7zca4F7hf",FALSE,1,NA,2021-11-22 13:53:06,TRUE,NA,"1462781186971815939",NA,"<a href=""https://mobile.twitter.com"" rel=""nofollow"">Twitter Web App</a>","IwanKamah",1,FALSE,FALSE,NA,NA
"""THE PEOPLE'S Republic of China has become ASEAN'S largest trading partner for the past 12 years"", said President J‚Ä¶ https://t.co/830XSrHqqH",FALSE,1,NA,2021-11-22 13:34:00,TRUE,NA,"1462776379414487043",NA,"<a href=""https://mobile.twitter.com"" rel=""nofollow"">Twitter Web App</a>","IwanKamah",0,FALSE,FALSE,NA,NA
"Road to World Superbike 2021.
#IndonesiaMaju #Jokowi #sirkuitmandalika https://t.co/j2xziLhNLK",FALSE,1,NA,2021-11-21 09:01:05,FALSE,NA,"1462345311196631052",NA,"<a href=""https://mobile.twitter.com"" rel=""nofollow"">Twitter Web App</a>","Citralokadwipa",0,FALSE,FALSE,NA,NA
"Road to World Superbike 2021!
#IndonesiaMaju #Jokowi #sirkuitmandalika https://t.co/bGbdvNZg5n",FALSE,1,NA,2021-11-21 08:56:59,FALSE,NA,"1462344275811704838",NA,"<a href=""https://mobile.twitter.com"" rel=""nofollow"">Twitter Web App</a>","Citralokadwipa",0,FALSE,FALSE,NA,NA
"GENERAL Andika (56) replaced  Marshall Hadi Tjahjanto as Commander of Indonesian Army, who is entering retirement a‚Ä¶ https://t.co/l2a9946z5O",FALSE,0,NA,2021-11-21 01:59:32,TRUE,NA,"1462239221079367683",NA,"<a href=""http://itunes.apple.com/us/app/twitter/id409789998?mt=12"" rel=""nofollow"">Twitter for Mac</a>","MerahPubis",0,FALSE,FALSE,NA,NA
"MINISTER Enviro't and Forestry Siti Nurbaya stated the gov't prepared 6 nursery centers in 2020 (in West Java, East‚Ä¶ https://t.co/VOnDFQlsvK",FALSE,1,NA,2021-11-20 16:05:07,TRUE,NA,"1462089633248940035",NA,"<a href=""https://mobile.twitter.com"" rel=""nofollow"">Twitter Web App</a>","IwanKamah",0,FALSE,FALSE,NA,NA
"GOV'T of Indonesia is aiming at pushing for roughly 30 nursery centers within the next 3 years. ""I also be pushing‚Ä¶ https://t.co/LBVQHWUmsC",FALSE,0,NA,2021-11-20 15:52:00,TRUE,NA,"1462086334256877568",NA,"<a href=""http://twitter.com/download/android"" rel=""nofollow"">Twitter for Android</a>","IwanKamah",0,FALSE,FALSE,NA,NA
"PRESIDENT Joko Widodo said Indonesia planned to construct more nursery centers by pressuring palm oil and mining co‚Ä¶ https://t.co/JwpXQjEKjc",FALSE,2,NA,2021-11-20 15:20:59,TRUE,NA,"1462078526287269897",NA,"<a href=""http://twitter.com/download/android"" rel=""nofollow"">Twitter for Android</a>","IwanKamah",0,FALSE,FALSE,NA,NA
"PRESIDENT Joko Widodo rode golf cart with 5 ambassadors: Sung Yong Kim (US), Owen Jenkins (UK), Cameron McKay (Cana‚Ä¶ https://t.co/ElX4F17Z4W",FALSE,0,NA,2021-11-20 15:00:08,TRUE,NA,"1462073281406590980",NA,"<a href=""http://twitter.com/download/android"" rel=""nofollow"">Twitter for Android</a>","IwanKamah",0,FALSE,FALSE,NA,NA
"INDONESIA'S President Joko Widodo checked directly at Rumpin Seed Source and Nursery Center (RSSNC) in Rumpin Distr‚Ä¶ https://t.co/gPDnzszVb4",FALSE,1,NA,2021-11-20 14:39:11,TRUE,NA,"1462068007312650243",NA,"<a href=""http://twitter.com/download/android"" rel=""nofollow"">Twitter for Android</a>","IwanKamah",0,FALSE,FALSE,NA,NA
"""#Indonesia will be able to contribute more quickly to the world‚Äôs #netzero #emissions. The question is, how big is‚Ä¶ https://t.co/UcyYhHMcTU",FALSE,2,NA,2021-11-20 10:00:20,TRUE,NA,"1461997834018959361",NA,"<a href=""https://www.hootsuite.com"" rel=""nofollow"">Hootsuite Inc.</a>","theaseanpost",0,FALSE,FALSE,NA,NA
"#Jokowi vows to 'fight in any way' #EU lawsuit over nickel export ban

@jokowi

#Indonesia #Business #Mining‚Ä¶ https://t.co/OzzAazpRdP",FALSE,0,NA,2021-11-20 05:39:44,TRUE,NA,"1461932250233143300",NA,"<a href=""https://about.twitter.com/products/tweetdeck"" rel=""nofollow"">TweetDeck</a>","InfoblazeID",0,FALSE,FALSE,NA,NA
"#Jokowi vows to 'fight in any way' #EU lawsuit over nickel export ban

@jokowi

#Indonesia #Business #Mining‚Ä¶ https://t.co/6oHXBUWq09",FALSE,0,NA,2021-11-20 05:39:38,TRUE,NA,"1461932224945659906",NA,"<a href=""https://mobile.twitter.com"" rel=""nofollow"">Twitter Web App</a>","infoblazesea",0,FALSE,FALSE,NA,NA
"Road to World Superbike XXI, Race Control, Power House, Medical Centre.
#Jokowi 
#IndonesiaMaju https://t.co/kuq71fzFJL",FALSE,0,NA,2021-11-19 14:27:17,FALSE,NA,"1461702624432906247",NA,"<a href=""http://twitter.com/download/android"" rel=""nofollow"">Twitter for Android</a>","IndoMaju_",0,FALSE,FALSE,NA,NA
"Road to World Superbike XXI, Pit Building. 
#Jokowi 
#IndonesiaMaju https://t.co/HM6wWQZK3Q",FALSE,0,NA,2021-11-19 14:23:42,FALSE,NA,"1461701724758962178",NA,"<a href=""http://twitter.com/download/android"" rel=""nofollow"">Twitter for Android</a>","IndoMaju_",0,FALSE,FALSE,NA,NA
"Road to World Superbike XXI, Mandalika Internasional Street Circuit, 19-21 November 2021.
#Jokowi 
#IndonesiaMaju https://t.co/KiWIbcQx70",FALSE,0,NA,2021-11-19 14:20:59,FALSE,NA,"1461701038340132868",NA,"<a href=""http://twitter.com/download/android"" rel=""nofollow"">Twitter for Android</a>","IndoMaju_",0,FALSE,FALSE,NA,NA
"Road to World Superbike XXI, Curb Painting. 
#Jokowi 
#IndonesiaMaju https://t.co/Iee76QL9Gy",FALSE,1,NA,2021-11-19 14:17:05,FALSE,NA,"1461700059402104835",NA,"<a href=""http://twitter.com/download/android"" rel=""nofollow"">Twitter for Android</a>","IndoMaju_",0,FALSE,FALSE,NA,NA
"GN/GM for all ‚òï 
#drawing on paper
#NFTs
#nftart
#NFTCommmunity
#mypresident 
#Indonesia üáÆüá©
#jokowi https://t.co/PWzzBySYvf",FALSE,5,NA,2021-11-19 13:05:48,FALSE,NA,"1461682117910228994",NA,"<a href=""http://twitter.com/download/android"" rel=""nofollow"">Twitter for Android</a>","DrawingMagicArt",0,FALSE,FALSE,NA,NA
"BEEN WARNING EVERNYONE TO SELL BTC 
- NO ONE LISTENS üëã
@elonmusk
@cz_binance
@BTC_Archive
@VitalikButerin‚Ä¶ https://t.co/DnSkXN2PK5",FALSE,2,NA,2021-11-19 02:36:33,TRUE,NA,"1461523763669860358",NA,"<a href=""https://mobile.twitter.com"" rel=""nofollow"">Twitter Web App</a>","marshallid21",1,FALSE,FALSE,NA,NA
"RT @IwanKamah: PRESIDENT Joko Widodo swore in 12 new ambassadors on Wednesday, Nov 17, 2021 at Istana Negara. Among the latest batch of env‚Ä¶",FALSE,0,NA,2021-11-18 10:30:02,FALSE,NA,"1461280532482781185",NA,"<a href=""http://twitter.com/download/android"" rel=""nofollow"">Twitter for Android</a>","firmannurzaman",1,TRUE,FALSE,NA,NA
"PRESIDENT Joko Widodo swore in 12 new ambassadors on Wednesday, Nov 17, 2021 at Istana Negara. Among the latest bat‚Ä¶ https://t.co/ybNx0pkpm6",FALSE,3,NA,2021-11-18 10:16:44,TRUE,NA,"1461277184664825857",NA,"<a href=""http://twitter.com/download/android"" rel=""nofollow"">Twitter for Android</a>","IwanKamah",1,FALSE,FALSE,NA,NA
"RT @IwanKamah: PRESIDENT Joko Widodo of Indonesia inaugurated Lieut Gen. Dudung Abdurachman as Chief of Staff of the Army at Istana Negara,‚Ä¶",FALSE,0,NA,2021-11-18 10:05:55,FALSE,NA,"1461274461433335814",NA,"<a href=""http://twitter.com/download/android"" rel=""nofollow"">Twitter for Android</a>","firmannurzaman",1,TRUE,FALSE,NA,NA
"RT @IwanKamah: INDONESIA'S President Joko Widodo inaugurated Maj. Gen. Suharyanto as new head of the Nat'l Disaster Mitigation Agency (BNPB‚Ä¶",FALSE,0,NA,2021-11-18 10:05:39,FALSE,NA,"1461274395570180097",NA,"<a href=""http://twitter.com/download/android"" rel=""nofollow"">Twitter for Android</a>","firmannurzaman",1,TRUE,FALSE,NA,NA
"THE President instructed Suharyanto as new head @BNPB_Indonesia to promptly fulfill his duty in mitigating natural‚Ä¶ https://t.co/b8E3T48vnl",FALSE,0,NA,2021-11-18 10:01:06,TRUE,NA,"1461273249145253889",NA,"<a href=""http://twitter.com/download/android"" rel=""nofollow"">Twitter for Android</a>","IwanKamah",0,FALSE,FALSE,NA,NA
"INDONESIA'S President Joko Widodo inaugurated Maj. Gen. Suharyanto as new head of the Nat'l Disaster Mitigation Age‚Ä¶ https://t.co/rdFvJIcTy8",FALSE,4,NA,2021-11-18 09:58:20,TRUE,NA,"1461272552291012609",NA,"<a href=""http://twitter.com/download/android"" rel=""nofollow"">Twitter for Android</a>","IwanKamah",1,FALSE,FALSE,NA,NA
"PRESIDENT Joko Widodo of Indonesia inaugurated Lieut Gen. Dudung Abdurachman as Chief of Staff of the Army at Istan‚Ä¶ https://t.co/P0S1GQOceX",FALSE,2,NA,2021-11-18 09:48:37,TRUE,NA,"1461270107024343042",NA,"<a href=""http://twitter.com/download/android"" rel=""nofollow"">Twitter for Android</a>","IwanKamah",1,FALSE,FALSE,NA,NA
"President Joko Widodo inaugurated 12 extraordinary and plenipotentiary ambassadors to a number of countries.‚Ä¶ https://t.co/QNDnB1allz",FALSE,1,NA,2021-11-18 05:16:22,TRUE,NA,"1461201593529876481",NA,"<a href=""http://www.jpnn.com"" rel=""nofollow"">JPNN News Update</a>","jpnncom",0,FALSE,FALSE,NA,NA
"GENERAL Andika (56) replaced  Marshall Hadi Tjahjanto as Commander of Indonesian Army, who is entering retirement a‚Ä¶ https://t.co/wZ5KCAeTOT",FALSE,0,NA,2021-11-18 05:00:42,TRUE,NA,"1461197649890066433",NA,"<a href=""http://twitter.com/download/android"" rel=""nofollow"">Twitter for Android</a>","IwanKamah",0,FALSE,FALSE,NA,NA
"INDONESIA'S President Joko Widodo inaugurated General Andika Perkasa as new Commander of the Indonesia Nat'l Army a‚Ä¶ https://t.co/b5j1MIQvSb",FALSE,0,NA,2021-11-18 04:36:51,TRUE,NA,"1461191649518768130",NA,"<a href=""http://twitter.com/download/android"" rel=""nofollow"">Twitter for Android</a>","IwanKamah",0,FALSE,FALSE,NA,NA
"RT @GrantRosoman: Finally #Jokowi acknowledges high #deforestation has caused the terrible flooding in West Kalimantan. But the ending of t‚Ä¶",FALSE,0,NA,2021-11-17 13:58:06,FALSE,NA,"1460970505729712141",NA,"<a href=""http://twitter.com/download/iphone"" rel=""nofollow"">Twitter for iPhone</a>","sundownslim",10,TRUE,FALSE,NA,NA
"PRESIDENT Joko Widodo prioritize electric cars in Indonesia in next years when he met with CEOs of Japanese automak‚Ä¶ https://t.co/yDpJV94deJ",FALSE,0,NA,2021-11-17 12:06:57,TRUE,NA,"1460942531496054793",NA,"<a href=""https://mobile.twitter.com"" rel=""nofollow"">Twitter Web App</a>","IwanKamah",0,FALSE,FALSE,NA,NA
"RELAXING sales tax on luxury good (PPnBM) that is granted, dramatically increase sales and boosting prodiction in I‚Ä¶ https://t.co/GEijpqRjmu",FALSE,0,NA,2021-11-17 11:45:42,TRUE,NA,"1460937185843048451",NA,"<a href=""https://mobile.twitter.com"" rel=""nofollow"">Twitter Web App</a>","IwanKamah",0,FALSE,FALSE,NA,NA
"RT @IwanKamah: AUTOMOTIVE industry in Indonesia transports a large number of cars for MSMEs who supply existing components. It makes Presid‚Ä¶",FALSE,0,NA,2021-11-17 11:09:11,FALSE,NA,"1460927996617846790",NA,"<a href=""http://twitter.com/download/android"" rel=""nofollow"">Twitter for Android</a>","firmannurzaman",1,TRUE,FALSE,NA,NA
"AUTOMOTIVE industry in Indonesia transports a large number of cars for MSMEs who supply existing components. It mak‚Ä¶ https://t.co/g9vXGOCSWS",FALSE,1,NA,2021-11-17 11:02:14,TRUE,NA,"1460926248259973127",NA,"<a href=""https://mobile.twitter.com"" rel=""nofollow"">Twitter Web App</a>","IwanKamah",1,FALSE,FALSE,NA,NA
"PRESIDENT Joko Widodo supported a reduction in the sales tax on luxury goods. It is a policy on relaxing PPnBM (rel‚Ä¶ https://t.co/iqtvwrStK8",FALSE,2,NA,2021-11-17 10:52:18,TRUE,NA,"1460923745925619712",NA,"<a href=""https://mobile.twitter.com"" rel=""nofollow"">Twitter Web App</a>","IwanKamah",0,FALSE,FALSE,NA,NA
"RT @projopusat: Black RX @jokowi To Mandalika..üëçüáÆüá©üòÅ

#blackrx #IndonesiaMaju 
#Jokowidodo
#Jokowi https://t.co/ED12ZPyPtr",FALSE,0,NA,2021-11-17 10:14:54,FALSE,NA,"1460914333995593731",NA,"<a href=""http://twitter.com/download/android"" rel=""nofollow"">Twitter for Android</a>","erickfloors",5,TRUE,FALSE,NA,NA
"RT @projopusat: Black RX @jokowi To Mandalika..üëçüáÆüá©üòÅ

#blackrx #IndonesiaMaju 
#Jokowidodo
#Jokowi https://t.co/ED12ZPyPtr",FALSE,0,NA,2021-11-17 08:53:29,FALSE,NA,"1460893844770156551",NA,"<a href=""http://twitter.com/download/android"" rel=""nofollow"">Twitter for Android</a>","ilyaskamil_",5,TRUE,FALSE,NA,NA
"twitter #viral #Mahasiswa #Pesantren #guru #TwitterDown #Motivasi #indonesia #agamaislam #islam #nasehat‚Ä¶ https://t.co/sbXFGDFEaF",FALSE,0,NA,2021-11-17 06:13:09,TRUE,NA,"1460853494261293063",NA,"<a href=""http://twitter.com/download/android"" rel=""nofollow"">Twitter for Android</a>","Mande2021",0,FALSE,FALSE,NA,NA
"twitter #viral #Mahasiswa #Pesantren #guru #TwitterDown #Motivasi #indonesia #agamaislam #islam #nasehat‚Ä¶ https://t.co/B0EzwsgWRq",FALSE,0,NA,2021-11-17 06:12:42,TRUE,NA,"1460853384794173447",NA,"<a href=""http://twitter.com/download/android"" rel=""nofollow"">Twitter for Android</a>","Mande2021",0,FALSE,FALSE,NA,NA
"RT @GrantRosoman: Finally #Jokowi acknowledges high #deforestation has caused the terrible flooding in West Kalimantan. But the ending of t‚Ä¶",FALSE,0,NA,2021-11-17 06:09:02,FALSE,NA,"1460852459006423041",NA,"<a href=""http://twitter.com/download/iphone"" rel=""nofollow"">Twitter for iPhone</a>","sarahrees",10,TRUE,FALSE,NA,NA
"Dicabut dong
.
.
.
~&gt; Follow US: @DarkZoneTwt

#dark #zone #DarkZone #pandemi #viral #susah #indonesia #masalah‚Ä¶ https://t.co/EsKgXmZETy",FALSE,0,NA,2021-11-17 05:34:30,TRUE,NA,"1460843769851301893",NA,"<a href=""http://twitter.com/download/android"" rel=""nofollow"">Twitter for Android</a>","DarkZoneTwt",0,FALSE,FALSE,NA,NA
"RT @GrantRosoman: Finally #Jokowi acknowledges high #deforestation has caused the terrible flooding in West Kalimantan. But the ending of t‚Ä¶",FALSE,0,NA,2021-11-17 01:23:22,FALSE,NA,"1460780571064295430",NA,"<a href=""http://twitter.com/download/android"" rel=""nofollow"">Twitter for Android</a>","Dananjaya012",10,TRUE,FALSE,NA,NA
"RT @GrantRosoman: Finally #Jokowi acknowledges high #deforestation has caused the terrible flooding in West Kalimantan. But the ending of t‚Ä¶",FALSE,0,NA,2021-11-17 00:07:07,FALSE,NA,"1460761382668800000",NA,"<a href=""http://twitter.com/download/android"" rel=""nofollow"">Twitter for Android</a>","BiLLYKHAERUDIN",10,TRUE,FALSE,NA,NA
"RT @GrantRosoman: Finally #Jokowi acknowledges high #deforestation has caused the terrible flooding in West Kalimantan. But the ending of t‚Ä¶",FALSE,0,NA,2021-11-16 22:34:51,FALSE,NA,"1460738160477065217",NA,"<a href=""http://twitter.com/download/android"" rel=""nofollow"">Twitter for Android</a>","QuirkyCat3",10,TRUE,FALSE,NA,NA
"RT @GrantRosoman: Finally #Jokowi acknowledges high #deforestation has caused the terrible flooding in West Kalimantan. But the ending of t‚Ä¶",FALSE,0,NA,2021-11-16 22:16:15,FALSE,NA,"1460733481550372866",NA,"<a href=""http://twitter.com/download/iphone"" rel=""nofollow"">Twitter for iPhone</a>","agussari",10,TRUE,FALSE,NA,NA
"RT @GrantRosoman: Finally #Jokowi acknowledges high #deforestation has caused the terrible flooding in West Kalimantan. But the ending of t‚Ä¶",FALSE,0,NA,2021-11-16 21:50:53,FALSE,NA,"1460727095412371461",NA,"<a href=""https://about.twitter.com/products/tweetdeck"" rel=""nofollow"">TweetDeck</a>","orangulandtrust",10,TRUE,FALSE,NA,NA
"RT @GrantRosoman: Finally #Jokowi acknowledges high #deforestation has caused the terrible flooding in West Kalimantan. But the ending of t‚Ä¶",FALSE,0,NA,2021-11-16 21:50:49,FALSE,NA,"1460727081470500868",NA,"<a href=""https://about.twitter.com/products/tweetdeck"" rel=""nofollow"">TweetDeck</a>","orangutans",10,TRUE,FALSE,NA,NA
"RT @GrantRosoman: Finally #Jokowi acknowledges high #deforestation has caused the terrible flooding in West Kalimantan. But the ending of t‚Ä¶",FALSE,0,NA,2021-11-16 21:41:52,FALSE,NA,"1460724826012749828",NA,"<a href=""http://twitter.com/download/android"" rel=""nofollow"">Twitter for Android</a>","k1k1taufik",10,TRUE,FALSE,NA,NA
"Finally #Jokowi acknowledges high #deforestation has caused the terrible flooding in West Kalimantan. But the endin‚Ä¶ https://t.co/wZ3RFCIXUE",FALSE,30,NA,2021-11-16 21:22:01,TRUE,NA,"1460719834195394568",NA,"<a href=""https://mobile.twitter.com"" rel=""nofollow"">Twitter Web App</a>","GrantRosoman",10,FALSE,FALSE,NA,NA
"twitter #viral #Mahasiswa #Pesantren #guru #TwitterDown #Motivasi #indonesia #agamaislam #islam #nasehat‚Ä¶ https://t.co/2DAHLPcOeH",FALSE,0,NA,2021-11-16 16:15:39,TRUE,NA,"1460642734033694721",NA,"<a href=""http://twitter.com/download/android"" rel=""nofollow"">Twitter for Android</a>","Mande2021",0,FALSE,FALSE,NA,NA
"twitter #viral #Mahasiswa #Pesantren #guru #TwitterDown #Motivasi #indonesia #agamaislam #islam #nasehat‚Ä¶ https://t.co/1nxk3LsaBa",FALSE,0,NA,2021-11-16 16:15:29,TRUE,NA,"1460642691625062405",NA,"<a href=""http://twitter.com/download/android"" rel=""nofollow"">Twitter for Android</a>","Mande2021",0,FALSE,FALSE,NA,NA
"PRESIDENT Joko Widodo told Minister @NanaiaMahuta about his concern of human right and massive infrastructure dev't‚Ä¶ https://t.co/ZRpXYEh7rM",FALSE,1,NA,2021-11-16 13:39:47,TRUE,NA,"1460603508449693702",NA,"<a href=""http://twitter.com/download/android"" rel=""nofollow"">Twitter for Android</a>","IwanKamah",0,FALSE,FALSE,NA,NA
"PRESIDENT Widodo is paying special attention to the Pacific during Indonesia's G20 presidency next year. Representa‚Ä¶ https://t.co/QyqyXqM6uu",FALSE,0,NA,2021-11-16 13:16:34,TRUE,NA,"1460597662651084801",NA,"<a href=""http://twitter.com/download/android"" rel=""nofollow"">Twitter for Android</a>","IwanKamah",0,FALSE,FALSE,NA,NA
"INDONESIAN President Widodo appreciated the support of NZ for the 2nd Pacific Exposition which was held virtually d‚Ä¶ https://t.co/VTGGjxyee7",FALSE,1,NA,2021-11-16 13:05:48,TRUE,NA,"1460594956007923718",NA,"<a href=""http://twitter.com/download/android"" rel=""nofollow"">Twitter for Android</a>","IwanKamah",0,FALSE,FALSE,NA,NA
"PRESIDENT Joko Widodo said that New Zealand is Indonesia's important partner in the Pacific and he seeks stronger c‚Ä¶ https://t.co/QgY4Np7hZc",FALSE,0,NA,2021-11-16 13:02:48,TRUE,NA,"1460594199968026631",NA,"<a href=""http://twitter.com/download/android"" rel=""nofollow"">Twitter for Android</a>","IwanKamah",0,FALSE,FALSE,NA,NA
"INDONESIA'S President Joko Widodo receives courtesy call from New Zealand's Foreign Minister @NanaiaMahuta in Presi‚Ä¶ https://t.co/UjStzffaAy",FALSE,1,NA,2021-11-16 12:52:38,TRUE,NA,"1460591640624570379",NA,"<a href=""http://twitter.com/download/android"" rel=""nofollow"">Twitter for Android</a>","IwanKamah",0,FALSE,FALSE,NA,NA
"THE SERANG-Panimbang Toll Road is one of the Nat'l Strategic Projects (PSN) carried out using gov't and Business En‚Ä¶ https://t.co/HYDksGfDqs",FALSE,0,NA,2021-11-16 11:38:42,TRUE,NA,"1460573034851422212",NA,"<a href=""http://twitter.com/download/android"" rel=""nofollow"">Twitter for Android</a>","IwanKamah",0,FALSE,FALSE,NA,NA
"PRESIDENT Joko Widodo believes the existence of this transportation infrastructure will boost economic growth in Ba‚Ä¶ https://t.co/YdTegFCyLU",FALSE,0,NA,2021-11-16 11:30:35,TRUE,NA,"1460570991961128960",NA,"<a href=""http://twitter.com/download/android"" rel=""nofollow"">Twitter for Android</a>","IwanKamah",0,FALSE,FALSE,NA,NA
"PRESIDENT Joko Widodo said that infrastructure, including toll roads, is needed to compete with other countries. Th‚Ä¶ https://t.co/GTItlnjbOM",FALSE,0,NA,2021-11-16 11:22:01,TRUE,NA,"1460568839138123777",NA,"<a href=""http://twitter.com/download/android"" rel=""nofollow"">Twitter for Android</a>","IwanKamah",0,FALSE,FALSE,NA,NA
"‚Ä¢ #Indonesia Pres. #Jokowi to increase global footprint via #G20 presidency
‚Ä¢ #Argentina Pres. #Fern√°ndez loses con‚Ä¶ https://t.co/5I1Xwbmz1m",FALSE,3,NA,2021-11-16 04:47:55,TRUE,NA,"1460469660701405189",NA,"<a href=""https://www.hootsuite.com"" rel=""nofollow"">Hootsuite Inc.</a>","statecraftdaily",0,FALSE,FALSE,NA,NA
"Fighting for poverty and stunting in NTT province, Indonesia #elonmusk #jokowi #billGates",FALSE,1,NA,2021-11-16 03:37:59,FALSE,NA,"1460452058679574529",NA,"<a href=""http://twitter.com/download/android"" rel=""nofollow"">Twitter for Android</a>","Mark58257954",0,FALSE,FALSE,NA,NA
"Keren Mr. President!

#IndonesiaMaju #Jokowi #MandalikaMendunia https://t.co/xBqspsf6mk",FALSE,3,NA,2021-11-15 14:21:19,FALSE,NA,"1460251572898652162",NA,"<a href=""https://mobile.twitter.com"" rel=""nofollow"">Twitter Web App</a>","Citralokadwipa",0,FALSE,FALSE,NA,NA
"Welcome to Mandalika. 
#Jokowi 
#IndonesiaMaju https://t.co/7BNy7fM4oj",FALSE,0,NA,2021-11-15 04:53:57,FALSE,NA,"1460108788510248961",NA,"<a href=""http://twitter.com/download/android"" rel=""nofollow"">Twitter for Android</a>","IndoMaju_",0,FALSE,FALSE,NA,NA
"RT @projopusat: Black RX @jokowi To Mandalika..üëçüáÆüá©üòÅ

#blackrx #IndonesiaMaju 
#Jokowidodo
#Jokowi https://t.co/ED12ZPyPtr",FALSE,0,NA,2021-11-15 03:07:53,FALSE,NA,"1460082098153222153",NA,"<a href=""http://twitter.com/download/android"" rel=""nofollow"">Twitter for Android</a>","MerahPutih2024",5,TRUE,FALSE,NA,NA
"ACCORDING to #LinggajatiAgreement, Netherlands and Republic of Indonesia were to cooperate in formation of commonwe‚Ä¶ https://t.co/fyRERpQB57",FALSE,0,NA,2021-11-15 02:38:31,TRUE,NA,"1460074707911262211",NA,"<a href=""http://twitter.com/download/android"" rel=""nofollow"">Twitter for Android</a>","IwanKamah",0,FALSE,FALSE,NA,NA
"FOR the first time, Kingdom of Netherlands recognized of the Republic of Indonesia as the 'de facto' authority in J‚Ä¶ https://t.co/AdYKZFJwbK",FALSE,0,NA,2021-11-15 02:30:51,TRUE,NA,"1460072776669138944",NA,"<a href=""http://twitter.com/download/android"" rel=""nofollow"">Twitter for Android</a>","IwanKamah",0,FALSE,FALSE,NA,NA
"Awosome Kick's Grandchild Mr President Jokowi #jokowi #IndonesiaMaju #taekwondo https://t.co/HvKHn4fFoc",FALSE,0,NA,2021-11-15 01:22:37,FALSE,NA,"1460055604622286852",NA,"<a href=""https://mobile.twitter.com"" rel=""nofollow"">Twitter Web App</a>","swastika",0,FALSE,FALSE,NA,NA
"RT @projopusat: Black RX @jokowi To Mandalika..üëçüáÆüá©üòÅ

#blackrx #IndonesiaMaju 
#Jokowidodo
#Jokowi https://t.co/ED12ZPyPtr",FALSE,0,NA,2021-11-14 13:36:47,FALSE,NA,"1459877977064312835",NA,"<a href=""http://twitter.com/download/android"" rel=""nofollow"">Twitter for Android</a>","Dedd32605576",5,TRUE,FALSE,NA,NA
